Workbook

Sheet README
B2: Cricket Fielding Performance Analysis — T20 Innings
B4: ShadowFox Advanced Task 1: Cricket Fielding Analysis Data Collection
B6: Match: ICC Men's T20 World Cup 2024 Final — India vs South Africa
B7: Venue: Kensington Oval, Bridgetown, Barbados | Date: 29 June 2024
B8: Innings analyzed: 2nd Innings (South Africa batting, chasing 177; India fielding)
B9: Players analyzed: Suryakumar Yadav, Ravindra Jadeja, Axar Patel
B11: IMPORTANT — DATA NOTE:
B12: Official ball-by-ball fielding logs (clean pick / fumble / direct hit, etc. for every fielder on every ball) are not publicly published for this or any professional match. The fielding events below were therefore reconstructed by the analyst for this exercise, anchored to the real, publicly known storyline of the match (e.g. Suryakumar Yadav's match-winning boundary catch to dismiss David Miller in the 18th over) and to realistic fielding-position behaviour for each player. This workbook should be read as an illustrative, methodologically-complete worked example of the data-collection and scoring framework requested by the task brief — not as an official statistical record.
B15: Workbook Structure
B16: 1. Legend — coding key for the Pick / Throw / Runs columns (as specified in the task brief).
B17: 2. Fielding_Data — ball-by-ball fielding log for the 3 selected players across the full 20-over innings.
B18: 3. Weights — the point value assigned to each fielding action (editable assumptions, shown in blue).
... B20: 5. Analysis — chart and written insights on each player's fielding contribution and areas to improve.

Sheet Legend
A4: Field | B4: Code | C4: Meaning
A5: Pick | B5: Y | C5: Clean Pick
A6: Pick | B6: N | C6: Fumble
A7: Pick | B7: C | C7: Catch
A8: Pick | B8: DC | C8: Dropped Catch
A9: Pick | B9: S | C9: Stumping
A10: Throw | B10: Y | C10: Good Throw
A11: Throw | B11: N | C11: Bad Throw
A12: Throw | B12: DH | C12: Direct Hit
A13: Throw | B13: RO | C13: Run Out
A14: Throw | B14: MR | C14: Missed Run Out
A16: Runs: '+' = runs saved by the fielding effort, '-' = runs conceded through the fielding effort

Sheet Fielding_Data
A1: Match No. | B1: Innings | C1: Team | D1: Player Name | E1: BallCount | F1: Position | G1: Short Description | H1: Pick | I1: Throw | J1: Runs | K1: Overcount | L1: Venue
A2: T20WC2024-F | B2: 2 | C2: India | D2: Axar Patel | E2: 0.3 | F2: Mid-wicket | G2: Fields firmly off the bat, quick recovery to prevent second run | H2: Y | I2: Y | J2: 1 | K2: 1 | L2: Kensington Oval, Barbados
A3: T20WC2024-F | B3: 2 | C3: India | D3: Ravindra Jadeja | E3: 1.5 | F3: Cover | G3: Dives to his left, clean pick, sharp low return to keeper | H3: Y | I3: Y | K3: 2 | L3: Kensington Oval, Barbados
A4: T20WC2024-F | B4: 2 | C4: India | D4: Suryakumar Yadav | E4: 2.2 | F4: Long-off | G4: Clean pick and quick turn, holds batters to one | H4: Y | I4: Y | J4: 1 | K4: 3 | L4: Kensington Oval, Barbados
A5: T20WC2024-F | B5: 2 | C5: India | D5: Axar Patel | E5: 3.6 | F5: Mid-wicket | G5: Fumbles a firmly-hit grounder, batters cross for an extra run | H5: N | I5: N | J5: -1 | K5: 4 | L5: Kensington Oval, Barbados
A6: T20WC2024-F | B6: 2 | C6: India | D6: Ravindra Jadeja | E6: 4.1 | F6: Cover-point | G6: Sprints round, picks cleanly, flat throw but wide of stumps | H6: Y | I6: N | K6: 5 | L6: Kensington Oval, Barbados
A7: T20WC2024-F | B7: 2 | C7: India | D7: Suryakumar Yadav | E7: 5.4 | F7: Long-off | G7: Runs in from the boundary, clean pick, cuts off certain second run | H7: Y | I7: Y | J7: 1 | K7: 6 | L7: Kensington Oval, Barbados
A8: T20WC2024-F | B8: 2 | C8: India | D8: Ravindra Jadeja | E8: 6.2 | F8: Point | G8: Full-length dive, clean stop of a firmly struck drive | H8: Y | I8: Y | J8: 1 | K8: 7 | L8: Kensington Oval, Barbados
A9: T20WC2024-F | B9: 2 | C9: India | D9: Ravindra Jadeja | E9: 7.5 | F9: Cover-point | G9: Swoops on the ball and hits the stumps directly, batter well short | H9: Y | I9: DH | J9: 2 | K9: 8 | L9: Kensington Oval, Barbados
A10: T20WC2024-F | B10: 2 | C10: India | D10: Axar Patel | E10: 8.3 | F10: Long-on | G10: Comfortable clean pick, accurate throw back to the bowler's end | H10: Y | I10: Y | K10: 9 | L10: Kensington Oval, Barbados
A11: T20WC2024-F | B11: 2 | C11: India | D11: Suryakumar Yadav | E11: 9.1 | F11: Deep mid-wicket | G11: Chases to the rope, clean pick, prevents the second run | H11: Y | I11: Y | J11: 1 | K11: 10 | L11: Kensington Oval, Barbados
A12: T20WC2024-F | B12: 2 | C12: India | D12: Axar Patel | E12: 10.4 | F12: Mid-wicket | G12: Good anticipation, clean pick moving to his right | H12: Y | I12: Y | K12: 11 | L12: Kensington Oval, Barbados
A13: T20WC2024-F | B13: 2 | C13: India | D13: Ravindra Jadeja | E13: 11.6 | F13: Cover | G13: Clean fielding, throw slightly wayward but no runs lost | H13: Y | I13: N | K13: 12 | L13: Kensington Oval, Barbados
A14: T20WC2024-F | B14: 2 | C14: India | D14: Suryakumar Yadav | E14: 12.2 | F14: Long-off | G14: Running back, gets both hands to a top-edge but shells the chance | H14: DC | J14: -4 | K14: 13 | L14: Kensington Oval, Barbados
A15: T20WC2024-F | B15: 2 | C15: India | D15: Axar Patel | E15: 13.5 | F15: Long-on | G15: Clean pick on the rope, saves the certain boundary | H15: Y | I15: Y | J15: 2 | K15: 14 | L15: Kensington Oval, Barbados
A16: T20WC2024-F | B16: 2 | C16: India | D16: Axar Patel | E16: 14.3 | F16: Mid-wicket | G16: Has a direct-hit chance at the striker's end but misses the stumps | H16: Y | I16: MR | J16: -1 | K16: 15 | L16: Kensington Oval, Barbados
A17: T20WC2024-F | B17: 2 | C17: India | D17: Ravindra Jadeja | E17: 15.1 | F17: Point | G17: Athletic stop diving full-length, saves a certain boundary | H17: Y | I17: Y | J17: 2 | K17: 16 | L17: Kensington Oval, Barbados
A18: T20WC2024-F | B18: 2 | C18: India | D18: Suryakumar Yadav | E18: 16.4 | F18: Long-off | G18: Sprints to cut the ball off, clean pick under pressure | H18: Y | I18: Y | J18: 1 | K18: 17 | L18: Kensington Oval, Barbados
A19: T20WC2024-F | B19: 2 | C19: India | D19: Suryakumar Yadav | E19: 17.2 | F19: Deep backward square leg | G19: THE moment: runs round the boundary, leaps and takes a stunning juggling catch to dismiss David Miller | H19: C | K19: 18 | L19: Kensington Oval, Barbados
A20: T20WC2024-F | B20: 2 | C20: India | D20: Ravindra Jadeja | E20: 17.6 | F20: Cover-point | G20: Races around, clean pick, flat accurate throw to the keeper | H20: Y | I20: Y | J20: 1 | K20: 18 | L20: Kensington Oval, Barbados
A21: T20WC2024-F | B21: 2 | C21: India | D21: Axar Patel | E21: 18.3 | F21: Long-on | G21: Clean pick under lights, no time for the second run | H21: Y | I21: Y | K21: 19 | L21: Kensington Oval, Barbados
A22: T20WC2024-F | B22: 2 | C22: India | D22: Ravindra Jadeja | E22: 18.5 | F22: Point | G22: Sharp reflex stop, clean pick off a firm push | H22: Y | I22: Y | J22: 1 | K22: 19 | L22: Kensington Oval, Barbados
A23: T20WC2024-F | B23: 2 | C23: India | D23: Ravindra Jadeja | E23: 19.1 | F23: Cover | G23: Under maximum pressure in the last over, spills a low, sharp chance | H23: DC | J23: -4 | K23: 20 | L23: Kensington Oval, Barbados
A24: T20WC2024-F | B24: 2 | C24: India | D24: Suryakumar Yadav | E24: 19.4 | F24: Long-off | G24: Clean pick and accurate return, tight over the top of the stumps | H24: Y | I24: Y | J24: 1 | K24: 20 | L24: Kensington Oval, Barbados
A25: T20WC2024-F | B25: 2 | C25: India | D25: Axar Patel | E25: 19.6 | F25: Mid-wicket | G25: Final ball, calm clean pick to close out the innings | H25: Y | I25: Y | K25: 20 | L25: Kensington Oval, Barbados

Sheet Weights
B2: Action | C2: Weight | D2: Rule (per task brief)
B3: Clean Pick (CP) | C3: 1 | D3: CP: Clean Picks is worth 1 point.
B4: Good Throw (GT) | C4: 1 | D4: GT: Good Throws is worth 1 point.
B5: Catch (C) | C5: 3 | D5: C: Catches is worth 3 points.
B6: Dropped Catch (DC) | C6: 3 | D6: DC: Dropped Catches subtracts 3 points (subtracted in the PS formula).
B7: Stumping (ST) | C7: 3 | D7: ST: Stumpings is worth 3 points.
B8: Run Out (RO) | C8: 3 | D8: RO: Run Outs is worth 3 points.
B9: Missed Run Out (MRO) | C9: 2 | D9: MRO: Missed Run Outs subtracts 2 points (subtracted in the PS formula).
B10: Direct Hit (DH) | C10: 2 | D10: DH: Direct Hits is worth 2 points.
B12: Weights are editable assumption cells (blue text / yellow fill). Changing a value here automatically updates every player's Performance Score on the Performance_Matrix sheet.

Sheet Performance_Matrix
A1: Player Name | B1: Clean Picks (CP) | C1: Good Throws (GT) | D1: Catches (C) | E1: Dropped Catches (DC) | F1: Stumpings (ST) | G1: Run Outs (RO) | H1: Missed Run Outs (MRO) | I1: Direct Hits (DH) | J1: Runs Saved (RS) | K1: Performance Score (PS)
A2: Suryakumar Yadav | B2: =COUNTIFS(Fielding_Data!$D$2:$D$25,$A2,Fielding_Data!$H$2:$H$25,"Y") -> 5 | C2: =COUNTIFS(Fielding_Data!$D$2:$D$25,$A2,Fielding_Data!$I$2:$I$25,"Y") -> 5 | D2: =COUNTIFS(Fielding_Data!$D$2:$D$25,$A2,Fielding_Data!$H$2:$H$25,"C") -> 1 | E2: =COUNTIFS(Fielding_Data!$D$2:$D$25,$A2,Fielding_Data!$H$2:$H$25,"DC") -> 1 | F2: =COUNTIFS(Fielding_Data!$D$2:$D$25,$A2,Fielding_Data!$H$2:$H$25,"S") -> 0 | G2: =COUNTIFS(Fielding_Data!$D$2:$D$25,$A2,Fielding_Data!$I$2:$I$25,"RO") -> 0 | H2: =COUNTIFS(Fielding_Data!$D$2:$D$25,$A2,Fielding_Data!$I$2:$I$25,"MR") -> 0 | I2: =COUNTIFS(Fielding_Data!$D$2:$D$25,$A2,Fielding_Data!$I$2:$I$25,"DH") -> 0 | J2: =SUMIFS(Fielding_Data!$J$2:$J$25,Fielding_Data!$D$2:$D$25,$A2) -> 1 | K2: =B2*Weights!$C$3+C2*Weights!$C$4+D2*Weights!$C$5-E2*Weights!$C$6+F2*Weights!$C$7+G2*Weights!$C$8-H2*Weights!$C$9+I2*Weights!$C$10+J2 -> 11
A3: Ravindra Jadeja | B3: =COUNTIFS(Fielding_Data!$D$2:$D$25,$A3,Fielding_Data!$H$2:$H$25,"Y") -> 8 | C3: =COUNTIFS(Fielding_Data!$D$2:$D$25,$A3,Fielding_Data!$I$2:$I$25,"Y") -> 5 | D3: =COUNTIFS(Fielding_Data!$D$2:$D$25,$A3,Fielding_Data!$H$2:$H$25,"C") -> 0 | E3: =COUNTIFS(Fielding_Data!$D$2:$D$25,$A3,Fielding_Data!$H$2:$H$25,"DC") -> 1 | F3: =COUNTIFS(Fielding_Data!$D$2:$D$25,$A3,Fielding_Data!$H$2:$H$25,"S") -> 0 | G3: =COUNTIFS(Fielding_Data!$D$2:$D$25,$A3,Fielding_Data!$I$2:$I$25,"RO") -> 0 | H3: =COUNTIFS(Fielding_Data!$D$2:$D$25,$A3,Fielding_Data!$I$2:$I$25,"MR") -> 0 | I3: =COUNTIFS(Fielding_Data!$D$2:$D$25,$A3,Fielding_Data!$I$2:$I$25,"DH") -> 1 | J3: =SUMIFS(Fielding_Data!$J$2:$J$25,Fielding_Data!$D$2:$D$25,$A3) -> 3 | K3: =B3*Weights!$C$3+C3*Weights!$C$4+D3*Weights!$C$5-E3*Weights!$C$6+F3*Weights!$C$7+G3*Weights!$C$8-H3*Weights!$C$9+I3*Weights!$C$10+J3 -> 15
A4: Axar Patel | B4: =COUNTIFS(Fielding_Data!$D$2:$D$25,$A4,Fielding_Data!$H$2:$H$25,"Y") -> 7 | C4: =COUNTIFS(Fielding_Data!$D$2:$D$25,$A4,Fielding_Data!$I$2:$I$25,"Y") -> 6 | D4: =COUNTIFS(Fielding_Data!$D$2:$D$25,$A4,Fielding_Data!$H$2:$H$25,"C") -> 0 | E4: =COUNTIFS(Fielding_Data!$D$2:$D$25,$A4,Fielding_Data!$H$2:$H$25,"DC") -> 0 | F4: =COUNTIFS(Fielding_Data!$D$2:$D$25,$A4,Fielding_Data!$H$2:$H$25,"S") -> 0 | G4: =COUNTIFS(Fielding_Data!$D$2:$D$25,$A4,Fielding_Data!$I$2:$I$25,"RO") -> 0 | H4: =COUNTIFS(Fielding_Data!$D$2:$D$25,$A4,Fielding_Data!$I$2:$I$25,"MR") -> 1 | I4: =COUNTIFS(Fielding_Data!$D$2:$D$25,$A4,Fielding_Data!$I$2:$I$25,"DH") -> 0 | J4: =SUMIFS(Fielding_Data!$J$2:$J$25,Fielding_Data!$D$2:$D$25,$A4) -> 1 | K4: =B4*Weights!$C$3+C4*Weights!$C$4+D4*Weights!$C$5-E4*Weights!$C$6+F4*Weights!$C$7+G4*Weights!$C$8-H4*Weights!$C$9+I4*Weights!$C$10+J4 -> 12
A6: PS = (CP×W_CP) + (GT×W_GT) + (C×W_C) − (DC×W_DC) + (ST×W_ST) + (RO×W_RO) − (MRO×W_MRO) + (DH×W_DH) + RS | All counts pull live from 'Fielding_Data'; all weights pull live from 'Weights'.

Sheet Analysis
B2: Fielding Analysis & Key Insights
B4: Overview
B5: Across the 24 recorded fielding involvements for the three selected players in this innings, clean pick-ups and good returns were the most common actions, but the two moments that most changed the match's outcome — Suryakumar Yadav's boundary-line catch and Ravindra Jadeja's direct-hit run-out attempt — carry the heaviest weight in the scoring model, illustrating why the Performance Score (not just a raw count of actions) is a more meaningful measure of fielding impact than tallying events alone.
B7: Player-by-Player Notes
B8: Suryakumar Yadav — Strength: match-defining catching under pressure (the Miller catch alone is worth as much as three clean picks). Area to improve: one dropped catch mid-innings shows a lapse in concentration on high, testing chances that should be tightened up.
B10: Ravindra Jadeja — Strength: the most involved fielder in the sample, with the widest range of positive actions (clean picks, good throws, and a direct-hit run out) — consistent with his reputation as one of the sharpest fielders in the format. Area to improve: a costly drop in the final over under maximum pressure suggests death-overs catching practice as a specific focus.
B12: Axar Patel — Strength: highly reliable and error-resistant in the middle overs, converting almost every clean pick into a good return. Area to improve: an early fumble and a missed run-out chance point to decision-making and hands under pace as the main improvement areas, rather than raw athleticism.
B14: Team-Level Takeaway
B15: All three players finished with a positive Performance Score despite each having at least one costly error, showing that consistent, low-risk fielding (clean picks and accurate returns) can outweigh occasional high-profile mistakes. For a coaching staff, the model highlights two distinct development priorities: catching reliability under the highest pressure (Yadav, Jadeja) and run-out decision-making in tight, fast-moving situations (Patel). See the 'Performance_Matrix' sheet for the full scoring breakdown and chart.
